height_source_type,building_count,share
estimated_from_storey_range,1188580,0.7455085895500342
unknown,401307,0.2517102892077568
estimated_from_exact_storeys,4387,0.0027516416079321543
exact_height_m,47,2.9479634276911612e-05
