height_source_type,building_count,share
unknown,2358545,0.54990095676511
estimated_from_storey_range,1918837,0.4473818825488991
estimated_from_exact_storeys,7552,0.001760768620268051
exact_height_m,4102,0.000956392065722927
