occupancy_group,building_count,share
Unknown,1080879,0.6779556939913606
Residential,480281,0.3012448559606252
Agricultural,8104,0.005083041620853015
Industrial,7678,0.004815843233577178
Commercial,5741,0.003600905965611693
Education,5112,0.0032063806473100463
Mixed,4143,0.002598598400196698
Government,1401,0.0008787439919564504
Assembly,982,0.0006159361885090895
