occupancy_group,building_count,share
Unknown,2381505,0.5552541410237638
Residential,1508773,0.35177438473353917
Agricultural,306424,0.07144355981157538
Industrial,33739,0.0078663363982023
Commercial,17393,0.004055223598029954
Education,16305,0.003801553542567607
Government,11573,0.0026982753234060055
Mixed,9604,0.0022391978057540204
Assembly,3720,0.0008673277631616989
