source,building_count,share
OSM,37397423,0.8594304028965628
Microsoft,6116773,0.14056959710343722
