source,building_count,share
Microsoft,2806489,0.6543402759967508
OSM,1459484,0.3402825250242712
Google,23063,0.005377198978978027
