source,building_count,share
OSM,997717,0.625794303656541
Google,532350,0.33390390015561483
Microsoft,64254,0.04030179618784423
