{
  "total_buildings": 1594321,
  "min_area_m2": 0.005923652967040568,
  "avg_area_m2": 90.6712233178174,
  "max_area_m2": 71678.03243158852,
  "unknown_occupancy_share": 0.6779556939913606,
  "missing_height_share": 0.2517102892077568,
  "missing_floorspace_share": 0.25171467979158524,
  "avg_attribute_completeness_score": 0.683343003071527
}